{
  "lr": 0.001,
  "lambda_param": 0.01,
  "n_iters": 1000,
  "w": [
    0.4918639772598729,
    -0.01740518908741822,
    0.021050081226233582,
    -0.07965751292535996,
    -0.07581036032203381,
    -0.16997358279450894,
    -0.1922095682390313
  ]
}